Business Name,Phone,Website,Address
Well Live Florist - Flower Delivery Singapore,91055602,,1 Defu Lane 10  #03-547
The Dancing Flowers,81126212,,31 Woodlands Close #04-17 Woodlands Horizon
Xpressflower.com (Causeway Point),68942983,,1 Woodlands Square  #03-K12 Causeway Point
Blooms & Buds SG,81265762,,12 Woodlands Square
Far East Flora.com Pte Ltd,62512323,,565 Thomson Rd
Little Flower Hut - Flower Delivery Singapore,65039750,,25 Jln Chegar
Farm Florist,88950709,,39A Jln Pemimpin  #06-05A
Star Florist Pte Ltd,97122691,,11 Woodlands Cl  #07-30 Woodlands 11
The Flower Factory,63341101,,11 Woodlands Cl  #01-01
Roses Only Singapore,62561818,,565 Thomson Rd
E Flower & Wedding Woodlands Florist Singapore,84258182,,11 Woodlands Cl  #07-11 Woodlands 11
Dancing Petals,88976151,,85 Rosewood Dr
Floristique - Flower Delivery Singapore,69044046,,22 New Industrial Rd  #01-11
Floral Magic Pte. Ltd.,63376398,,334 King George's Avenue Ground floor  King George's Building
Charlotte Puxley Flowers - Daily Flower Delivery in Singapore,81821164,,315 Outram Rd  #08-07 Tan Boon Liat Building
Flower Addict | Florist Singapore,98597127,,203B Henderson Rd  #09-08
Joyce Florist Pte. Ltd.,94471218,,2 Gambas Cres  #04-05 Nordcom Two
Sing See Soon Floral & Landscape (Punggol),62852777,,32 Punggol E
Onlinefloristsingapore,64819898,,665 Yishun Ave 4
The Bloom Box Pte Ltd,97267489,,2 Kallang Ave  05-03  CT HUB1
Well Live Florist - Flower Delivery Singapore,91055602,,1 Defu Lane 10  #03-547
Well Live Florist - Flower Delivery Singapore,91055602,,1 Defu Lane 10  #03-547
Floral Garage Singapore,93878871,,8 New Industrial Road  LHK 3 Building  #06-01
24hr City Florist - Same Day Flower Delivery in Singapore,63964222,,188 Race Course Rd  #01- 03
Poppy Flora,91881247,,7 Ang Mo Kio St 66 #01-04 Off Cactus Road   along
Floral Singapore,67413088,,101 Lor 23 Geylang  #08-04
SingaporeFlorist.com.sg,63452847,,2 Defu Lane 10
Windflower Florist,97852570,,22 New Industrial Rd  #02-27/28
Ocean Florist & Trading,68910937,,548 Woodlands Drive 44
Sherlin Florist,91463923,,20 Marsiling Ln  #20/21
FNP - Gifts- Cakes & Flowers Delivery in Singapore,97279363,,444 Tagore Industrial Ave
Wildflower Florist,87224212,,Barker Rd
EK Floral Studio Pte Ltd,86610291,,21 Woodlands Cl  #09-35 Primz Bizhub
Blanc Artisan,85809956,,510A Wellington Cir
108 Florist Singapore,91548665,,2 Handy Rd  #B1-K1
Happy Moments Florist (Singapore),88295677,,190 Woodlands Industrial Park E5 Woodlands Bizhub
Prince's Flower Shop,67667000,,3A Lor Ah Thia
Dawn Q Floral Design,91796689,,18 New Industrial Rd  #03-16
Little Red Dot Florist - Flower Delivery Singapore,93673118,,Blk 10 Kaki Bukit Ave 4
First Sight Singapore,92381226,,1 Marne Rd  The Citron #01-05
Green Grasses Gift & Flower,86137702,,Florist
Flower Lab Singapore Florist,94559600,,16 Arumugam Rd  #03-01A LTC Building D
Flowers and Kisses,81615935,,18 New Industrial Rd  #02-08/09
Floressence - Best Florist Singapore- Hand Bouquets- Bridal Bouquets- Wreaths- Floral Dress- Floral Arrangements In Singapore,97901144,,ARK@Gambas  7 Gambas Cres  #09-34
HV Florist,64688488,,1 Lor Mambong
Freeman Florist,67653836,,1 Jelebu Rd  Bukit Panjang Rd  #02-K5
The Daily Blooms,94551240,,41 Jln Pemimpin  #03-01H
Twig And Twine,96972070,,314 tanglin road  Phoenix Park  #01-06
Flowers Flowers ( Florist In Orchard ),67323575,,150 Orchard Rd  #04-16 Orchard Plaza
Fleurapy Factory,89343824,,217 Henderson Rd  #03-04
Floral Mikelle,60161707,,22 New Industrial Rd  #02-20
Fairyland Florist,68418279,,95 Aljunied Cres  #01-489
AngelFlorist,69081788,,8 Admiralty St  #05-16 Admirax
Lily Florist & Gifts,91196027,,531 Upper Cross St  #01-45
Cornwall Flowers,90124529,,2 Cornwall Gardens
Flora Moments: Same Day Flower Delivery Singapore | Express Online Florist SG,66361368,,Blk 1 Tanjong Pagar Plaza  #02-48
Hollandia Florist,64699259,,211 Holland Avenue  # 01-K1 Holland Road Shopping Centre
Xpressflower.com,64556373,,53 Ang Mo Kio Ave 3  #B2 - 16
Roselodge Florist & Training Centre,92776218,,21 Bukit Batok Cres  #22-84 Wcega Tower
Gift Flowers Singapore - Florist Singapore,62802212,,21  #03-01 Ubi Rd 1
The Floral Atelier,81816822,,Paragon  290 Orchard Rd  #03-K1
One Olive Floral Boutique,96803453,,61 Seng Poh Ln  #01-01
The Little Flower Shop,63340603,,22 New Industrial Rd  Building 03-28/27 Primax
Xpressflower.com,62623031,,68 Orchard Rd  #B2-67 Plaza Singapura
FlowerCart.sg,64819898,,665 Yishun Ave 4
Le Blanc Florist (Online only),94232010,,42 MacTaggart Rd  #04-02B Mactaggart Building
FlowerAdvisor Singapore - Your Go-To for Online Flower Deliveries,64791033,,6001 Beach Rd  #18-02 GOLDEN MILE TOWER
Candy Floriculture Pte Ltd,62566788,,567 Thomson Rd
Judy 'N' Connie Flower Shop,67565010,,927 Yishun Central 1  #01-161
Smile Floral | Flower Delivery Singapore,64737252,,115A Commonwealth Dr  #03-12
Giftsflorist.com,96929385,,338 Ang Mo Kio Ave 1  #02-1673
Bloomen,88175305,,17 Joan Rd
Freeman Florist,62888945,,9 Little Rd
Blossom Floral Design,66348201,,8A Marina Boulevard B2 - 27 Marina Bay Link Mall
LA Atelier Singapore,87963003,,Florist
B1 Florist - Singapore Best Flower Shop Near Bugis Delivery,62985467,,2 Havelock Rd  #03-18 Havelock 2 Mall
June Florist Pte Ltd,62827555,,30 Shaw Rd  #02-01
Orchard Florist,62764486,,1090 Lower Delta Rd  #03-14
Hazel Florist & Gifts,62866772,,LHK 3 Building #02-02  New Industrial Rd  S)536200 8
Hibiscus Florists,65361787,,168  #01-06 Robinson Rd  Capital Tower
Blue Ribbon Florist & Gifts,62706028,,302 Tiong Bahru Rd  #B1-106 Tiong Bahru Plaza
Secret Garden,61000177,,252 North Bridge Rd
The Blue Leaf,64651966,,989 Bukit Timah Rd #B1-03 Coral Court Maplewoods
BC Florist - Flower Delivery Singapore,85220282,,33 Ubi Ave 3  #02-42 Vertex
Hello Flowers!,93413646,,Florist
Primula Florist,63452847,,Defu Lane 10  #01-527 Block 2
Floral Spell - Flower Delivery Singapore,92488599,,239 Pandan Loop
Joaquim Florist & Gifts Pte Ltd,63831188,,9 Kaki Bukit Rd 2  #03-06 Gordon Warehouse Building
Regina Florists & Gifts Centre,64672949,,170 Upper Bukit Timah Rd  #03-60
Wonderland Botanicals,62261874,,1M Yong Siak St
Joo Chiat Florist,64426138,,216 Bedok North Street 1  #01-183
HuaFlorist,97931554,,30 Segar Rd
Summer's Winter,82983253,,21 Bukit Batok Cres  #29-71 Wcega Tower
Jasmine Florist,62583395,,1 Lor 2 Toa Payoh
The Florist SG,97871981,,Florist
Christanio de Florist,62828701,,756 Upper Serangoon Rd  #02-51 Upper Serangoom Shopping Center
The Enchanted Tree,65882088,,51 Changi Business Park Central 2  #01-13 The Signature
Yong's Florist,62824409,,218 Yio Chu Kang Rd
Fav Florist | Flower Delivery Singapore | Florist Singapore,91737748,,22 New Industrial Road  Primax  #07-04  22 New Industrial Rd  #03-14/15
Xpressflower.com,87427320,,4 Tampines Central 5  B1-K25 Tampines Mall
$30 Florist,82002304,,680 Upper Thomson Rd
Pastel Fleur Florist,63367776,,Florist
King's Florist,64671932,,HDB Yishun #13-391  110 Yishun Ring Road (S)760110
Amazing Floral Gift Pte Ltd,64630197,,22 Sin Ming Rd  #01-232
Veronica's Florist (Tanglin Mall),67372811,,163 Tanglin Road B1  #06
Louise Florals Pte Ltd,97223997,,785D Woodlands Rise  #02-60
Anethum Florist,67333739,,14 Scotts Road  Far East Plaza #05-50
Ji Mei Flower,62850017,,5 Joan Rd
FreshBlooms,62512323,,565B Thomson Rd  within Goodwood Florist
Hilton Gifts - Hampers & Flower Bouquet Delivery In Singapore,63823771,,#05-55 Northstar S  7030 Ang Mo Kio Ave 5
The Weekend Florist Pte Ltd,88890554,,21 Tai Seng St  #01-01
ONLINE Flower Shop - Floral Dreams (Florist Bouquets & Gifts Singapore),80122147,,8A Chancery Ln  #01-01
Freeman Florist,63868469,,83 Punggol Central  #B2-33 Waterway Point
Daily Florist.sg,82645748,,Block 353 Clementi Ave 2  #01-155A
Iriscent Floral,97842336,,19 Toh Yi Dr  #01-119
D&D Flowers & Gifts,62943662,,200 Jln Sultan  #01-19A
Arcade Florist,64633742,,1 Fusionopolis Way B1-26  Fusionopolis One